{
    "Barley": 1735,
    "Black Gram": 6950,
    "Castor": 5448,
    "Cluster Bean": 5050,
    "Coriander": 6520,
    "Corn": 2090,
    "Cotton": 6620,
    "Cowpea": 6775,
    "Cumin": 28500,
    "Fenugreek": 5300,
    "Flax": 4725,
    "Gram": 5335,
    "Green Gram": 8558,
    "Groundnut": 6377,
    "Linseed": 4745,
    "Masur": 6000,
    "Matbean": 6590,
    "Mustard": 5450,
    "Onion": 2025,
    "Pearl Millet": 2500,
    "Potato": 950,
    "Rice": 2183,
    "Sesame": 8635,
    "Sorghum": 3180,
    "Soybean": 4600,
    "Sunflower": 6760,
    "Taramira": 4925,
    "Wheat": 2125
}